Workbook

Sheet 📊 DASHBOARD PRINCIPAL
A1: GESTIÓN DE PROCESOS EPMGDT
A2: Análisis Consolidado de Todos los Departamentos | Actualizado: Mayo 2026
A4: 📈 INDICADORES CLAVE
A6: TOTAL PROCESOS | C6: MONTO TOTAL | E6: CON RETRASO | G6: EN PROGRESO | I6: CONTRATADOS | K6: PROM. DÍAS TARDE | M6: % COMPLETADO
A7: =COUNTA('DAF - Jefatura Administrativa'!A2:A13)+COUNTA('DAF - Jefatura de Talento Human'!A2:A2)+COUNTA('DAF - Jefatura Financiera'!A2:A3)+COUNTA('Dirección de Comercialización'!A2:A2)+COUNTA('Dirección de Comunicación'!A2:A4)+COUNTA('Dirección de Desarrollo de Prod'!A2:A3)+COUNTA('Dirección de Promoción de Desti'!A2:A4)+COUNTA('Dirección de Servicios para la '!A2:A7)+COUNTA('Dirección de Turismo de Negocio'!A2:A5)+COUNTA('DPEI - Estadística'!A2:A2)+COUNTA('DPEI - Jefatura de TICS'!A2:A24) -> 58 | C7: =SUM('DAF - Jefatura Administrativa'!F2:F13,'DAF - Jefatura de Talento Human'!F2:F2,'DAF - Jefatura Financiera'!F2:F3,'Dirección de Comercialización'!F2:F2,'Dirección de Comunicación'!F2:F4,'Dirección de Desarrollo de Prod'!F2:F3,'Dirección de Promoción de Desti'!F2:F4,'Dirección de Servicios para la '!F2:F7,'Dirección de Turismo de Negocio'!F2:F5,'DPEI - Estadística'!F2:F2,'DPEI - Jefatura de TICS'!F2:F24) -> 3980077.6 | E7: =COUNTIF('DAF - Jefatura Administrativa'!D:D,"Pendiente")+COUNTIF('DAF - Jefatura de Talento Human'!D:D,"Pendiente")+COUNTIF('DAF - Jefatura Financiera'!D:D,"Pendiente")+COUNTIF('Dirección de Comercialización'!D:D,"Pendiente")+COUNTIF('Dirección de Comunicación'!D:D,"Pendiente")+COUNTIF('Dirección de Desarrollo de Prod'!D:D,"Pendiente")+COUNTIF('Dirección de Promoción de Desti'!D:D,"Pendiente")+COUNTIF('Dirección de Servicios para la '!D:D,"Pendiente")+COUNTIF('Dirección de Turismo de Negocio'!D:D,"Pendiente")+COUNTIF('DPEI - Estadística'!D:D,"Pendiente")+COUNTIF('DPEI - Jefatura de TICS'!D:D,"Pendiente") -> 26 | G7: =COUNTIF('DAF - Jefatura Administrativa'!D:D,"En progreso")+COUNTIF('DAF - Jefatura de Talento Human'!D:D,"En progreso")+COUNTIF('DAF - Jefatura Financiera'!D:D,"En progreso")+COUNTIF('Dirección de Comercialización'!D:D,"En progreso")+COUNTIF('Dirección de Comunicación'!D:D,"En progreso")+COUNTIF('Dirección de Desarrollo de Prod'!D:D,"En progreso")+COUNTIF('Dirección de Promoción de Desti'!D:D,"En progreso")+COUNTIF('Dirección de Servicios para la '!D:D,"En progreso")+COUNTIF('Dirección de Turismo de Negocio'!D:D,"En progreso")+COUNTIF('DPEI - Estadística'!D:D,"En progreso")+COUNTIF('DPEI - Jefatura de TICS'!D:D,"En progreso") -> 24 | I7: =COUNTIF('DAF - Jefatura Administrativa'!D:D,"Contratado")+COUNTIF('DAF - Jefatura de Talento Human'!D:D,"Contratado")+COUNTIF('DAF - Jefatura Financiera'!D:D,"Contratado")+COUNTIF('Dirección de Comercialización'!D:D,"Contratado")+COUNTIF('Dirección de Comunicación'!D:D,"Contratado")+COUNTIF('Dirección de Desarrollo de Prod'!D:D,"Contratado")+COUNTIF('Dirección de Promoción de Desti'!D:D,"Contratado")+COUNTIF('Dirección de Servicios para la '!D:D,"Contratado")+COUNTIF('Dirección de Turismo de Negocio'!D:D,"Contratado")+COUNTIF('DPEI - Estadística'!D:D,"Contratado")+COUNTIF('DPEI - Jefatura de TICS'!D:D,"Contratado") -> 8 | K7: =ROUND(AVERAGE('DAF - Jefatura Administrativa'!E2:E100,'DAF - Jefatura Financiera'!E2:E100,'Dirección de Comercialización'!E2:E100,'Dirección de Comunicación'!E2:E100,'Dirección de Promoción de Desti'!E2:E100,'Dirección de Servicios para la '!E2:E100,'Dirección de Turismo de Negocio'!E2:E100,'DPEI - Jefatura de TICS'!E2:E100),0) -> 21 | M7: =I7/A7 -> 0.13793103
A10: 📊 DISTRIBUCIÓN POR ESTADO | I10: 📋 DISTRIBUCIÓN PAC/NO PAC
A11: Estado | B11: Cantidad | C11: Porcentaje | I11: Tipo | J11: Cantidad | K11: Monto
A12: Con Retraso | B12: =E7 -> 26 | C12: =B12/A7 -> 0.44827586 | I12: PAC | J12: =COUNTIF('DAF - Jefatura Administrativa'!B:B,"PAC")+COUNTIF('DAF - Jefatura de Talento Human'!B:B,"PAC")+COUNTIF('DAF - Jefatura Financiera'!B:B,"PAC")+COUNTIF('Dirección de Comercialización'!B:B,"PAC")+COUNTIF('Dirección de Comunicación'!B:B,"PAC")+COUNTIF('Dirección de Desarrollo de Prod'!B:B,"PAC")+COUNTIF('Dirección de Promoción de Desti'!B:B,"PAC")+COUNTIF('Dirección de Servicios para la '!B:B,"PAC")+COUNTIF('Dirección de Turismo de Negocio'!B:B,"PAC")+COUNTIF('DPEI - Estadística'!B:B,"PAC")+COUNTIF('DPEI - Jefatura de TICS'!B:B,"PAC") -> 38 | K12: =SUMIF('DAF - Jefatura Administrativa'!B:B,"PAC",'DAF - Jefatura Administrativa'!F:F)+SUMIF('DAF - Jefatura de Talento Human'!B:B,"PAC",'DAF - Jefatura de Talento Human'!F:F)+SUMIF('DAF - Jefatura Financiera'!B:B,"PAC",'DAF - Jefatura Financiera'!F:F)+SUMIF('Dirección de Comercialización'!B:B,"PAC",'Dirección de Comercialización'!F:F)+SUMIF('Dirección de Comunicación'!B:B,"PAC",'Dirección de Comunicación'!F:F)+SUMIF('Dirección de Desarrollo de Prod'!B:B,"PAC",'Dirección de Desarrollo de Prod'!F:F)+SUMIF('Dirección de Promoción de Desti'!B:B,"PAC",'Dirección de Promoción de Desti'!F:F)+SUMIF('Dirección de Servicios para la '!B:B,"PAC",'Dirección de Servicios para la '!F:F)+SUMIF('Dirección de Turismo de Negocio'!B:B,"PAC",'Dirección de Turismo de Negocio'!F:F)+SUMIF('DPEI - Estadística'!B:B,"PAC",'DPEI - Estadística'!F:F)+SUMIF('DPEI - Jefatura de TICS'!B:B,"PAC",'DPEI - Jefatura de TICS'!F:F) -> 2765959.7
A13: En Progreso | B13: =G7 -> 24 | C13: =B13/A7 -> 0.4137931 | I13: NO PAC | J13: =A7-J12 -> 20 | K13: =C7-K12 -> 1214117.9
A14: Contratado | B14: =I7 -> 8 | C14: =B14/A7 -> 0.13793103 | I14: Total | J14: =SUM(J12:J13) -> 58 | K14: =SUM(K12:K13) -> 3980077.6
B15: 58 | C15: 1
A17: 📈 PROCESOS POR DEPARTAMENTO | I17: 📅 DISTRIBUCIÓN POR CUATRIMESTRE
A18: Departamento | B18: Procesos | C18: Monto | D18: Con Retraso | E18: En Progreso | F18: Contratados | G18: % Avance | I18: Cuatrimestre | J18: Cantidad | K18: Monto
A19: DAF - Jef. Administrativa | B19: =COUNTA('DAF - Jefatura Administrativa'!A2:A13) -> 12 | C19: =SUM('DAF - Jefatura Administrativa'!F2:F13) -> 169525 | D19: =COUNTIF('DAF - Jefatura Administrativa'!D:D,"Pendiente") -> 8 | E19: =COUNTIF('DAF - Jefatura Administrativa'!D:D,"En progreso") -> 1 | F19: =COUNTIF('DAF - Jefatura Administrativa'!D:D,"Contratado") -> 3 | G19: =IF(B19>0,F19/B19,0) -> 0.25 | I19: 1er Cuatrimestre | J19: =COUNTIF('DAF - Jefatura Administrativa'!C:C,1)+COUNTIF('DAF - Jefatura de Talento Human'!C:C,1)+COUNTIF('DAF - Jefatura Financiera'!C:C,1)+COUNTIF('Dirección de Comercialización'!C:C,1)+COUNTIF('Dirección de Comunicación'!C:C,1)+COUNTIF('Dirección de Desarrollo de Prod'!C:C,1)+COUNTIF('Dirección de Promoción de Desti'!C:C,1)+COUNTIF('Dirección de Servicios para la '!C:C,1)+COUNTIF('Dirección de Turismo de Negocio'!C:C,1)+COUNTIF('DPEI - Estadística'!C:C,1)+COUNTIF('DPEI - Jefatura de TICS'!C:C,1) -> 23 | K19: =SUMIF('DAF - Jefatura Administrativa'!C:C,1,'DAF - Jefatura Administrativa'!F:F)+SUMIF('DAF - Jefatura de Talento Human'!C:C,1,'DAF - Jefatura de Talento Human'!F:F)+SUMIF('DAF - Jefatura Financiera'!C:C,1,'DAF - Jefatura Financiera'!F:F)+SUMIF('Dirección de Comercialización'!C:C,1,'Dirección de Comercialización'!F:F)+SUMIF('Dirección de Comunicación'!C:C,1,'Dirección de Comunicación'!F:F)+SUMIF('Dirección de Desarrollo de Prod'!C:C,1,'Dirección de Desarrollo de Prod'!F:F)+SUMIF('Dirección de Promoción de Desti'!C:C,1,'Dirección de Promoción de Desti'!F:F)+SUMIF('Dirección de Servicios para la '!C:C,1,'Dirección de Servicios para la '!F:F)+SUMIF('Dirección de Turismo de Negocio'!C:C,1,'Dirección de Turismo de Negocio'!F:F)+SUMIF('DPEI - Estadística'!C:C,1,'DPEI - Estadística'!F:F)+SUMIF('DPEI - Jefatura de TICS'!C:C,1,'DPEI - Jefatura de TICS'!F:F) -> 3261495
A20: DAF - Jef. Talento Humano | B20: =COUNTA('DAF - Jefatura de Talento Human'!A2:A2) -> 1 | C20: =SUM('DAF - Jefatura de Talento Human'!F2:F2) -> 676 | D20: =COUNTIF('DAF - Jefatura de Talento Human'!D:D,"Pendiente") -> 0 | E20: =COUNTIF('DAF - Jefatura de Talento Human'!D:D,"En progreso") -> 1 | F20: =COUNTIF('DAF - Jefatura de Talento Human'!D:D,"Contratado") -> 0 | G20: =IF(B20>0,F20/B20,0) -> 0 | I20: 2do Cuatrimestre | J20: =COUNTIF('DAF - Jefatura Administrativa'!C:C,2)+COUNTIF('DAF - Jefatura de Talento Human'!C:C,2)+COUNTIF('DAF - Jefatura Financiera'!C:C,2)+COUNTIF('Dirección de Comercialización'!C:C,2)+COUNTIF('Dirección de Comunicación'!C:C,2)+COUNTIF('Dirección de Desarrollo de Prod'!C:C,2)+COUNTIF('Dirección de Promoción de Desti'!C:C,2)+COUNTIF('Dirección de Servicios para la '!C:C,2)+COUNTIF('Dirección de Turismo de Negocio'!C:C,2)+COUNTIF('DPEI - Estadística'!C:C,2)+COUNTIF('DPEI - Jefatura de TICS'!C:C,2) -> 27 | K20: =SUMIF('DAF - Jefatura Administrativa'!C:C,2,'DAF - Jefatura Administrativa'!F:F)+SUMIF('DAF - Jefatura de Talento Human'!C:C,2,'DAF - Jefatura de Talento Human'!F:F)+SUMIF('DAF - Jefatura Financiera'!C:C,2,'DAF - Jefatura Financiera'!F:F)+SUMIF('Dirección de Comercialización'!C:C,2,'Dirección de Comercialización'!F:F)+SUMIF('Dirección de Comunicación'!C:C,2,'Dirección de Comunicación'!F:F)+SUMIF('Dirección de Desarrollo de Prod'!C:C,2,'Dirección de Desarrollo de Prod'!F:F)+SUMIF('Dirección de Promoción de Desti'!C:C,2,'Dirección de Promoción de Desti'!F:F)+SUMIF('Dirección de Servicios para la '!C:C,2,'Dirección de Servicios para la '!F:F)+SUMIF('Dirección de Turismo de Negocio'!C:C,2,'Dirección de Turismo de Negocio'!F:F)+SUMIF('DPEI - Estadística'!C:C,2,'DPEI - Estadística'!F:F)+SUMIF('DPEI - Jefatura de TICS'!C:C,2,'DPEI - Jefatura de TICS'!F:F) -> 2281581.2
A21: DAF - Jef. Financiera | B21: =COUNTA('DAF - Jefatura Financiera'!A2:A3) -> 2 | C21: =SUM('DAF - Jefatura Financiera'!F2:F3) -> 6600 | D21: =COUNTIF('DAF - Jefatura Financiera'!D:D,"Pendiente") -> 2 | E21: =COUNTIF('DAF - Jefatura Financiera'!D:D,"En progreso") -> 0 | F21: =COUNTIF('DAF - Jefatura Financiera'!D:D,"Contratado") -> 0 | G21: =IF(B21>0,F21/B21,0) -> 0 | I21: 3er Cuatrimestre | J21: =COUNTIF('DAF - Jefatura Administrativa'!C:C,3)+COUNTIF('DAF - Jefatura de Talento Human'!C:C,3)+COUNTIF('DAF - Jefatura Financiera'!C:C,3)+COUNTIF('Dirección de Comercialización'!C:C,3)+COUNTIF('Dirección de Comunicación'!C:C,3)+COUNTIF('Dirección de Desarrollo de Prod'!C:C,3)+COUNTIF('Dirección de Promoción de Desti'!C:C,3)+COUNTIF('Dirección de Servicios para la '!C:C,3)+COUNTIF('Dirección de Turismo de Negocio'!C:C,3)+COUNTIF('DPEI - Estadística'!C:C,3)+COUNTIF('DPEI - Jefatura de TICS'!C:C,3) -> 13 | K21: =SUMIF('DAF - Jefatura Administrativa'!C:C,3,'DAF - Jefatura Administrativa'!F:F)+SUMIF('DAF - Jefatura de Talento Human'!C:C,3,'DAF - Jefatura de Talento Human'!F:F)+SUMIF('DAF - Jefatura Financiera'!C:C,3,'DAF - Jefatura Financiera'!F:F)+SUMIF('Dirección de Comercialización'!C:C,3,'Dirección de Comercialización'!F:F)+SUMIF('Dirección de Comunicación'!C:C,3,'Dirección de Comunicación'!F:F)+SUMIF('Dirección de Desarrollo de Prod'!C:C,3,'Dirección de Desarrollo de Prod'!F:F)+SUMIF('Dirección de Promoción de Desti'!C:C,3,'Dirección de Promoción de Desti'!F:F)+SUMIF('Dirección de Servicios para la '!C:C,3,'Dirección de Servicios para la '!F:F)+SUMIF('Dirección de Turismo de Negocio'!C:C,3,'Dirección de Turismo de Negocio'!F:F)+SUMIF('DPEI - Estadística'!C:C,3,'DPEI - Estadística'!F:F)+SUMIF('DPEI - Jefatura de TICS'!C:C,3,'DPEI - Jefatura de TICS'!F:F) -> 283671.75
A22: Dir. Comercialización | B22: =COUNTA('Dirección de Comercialización'!A2:A2) -> 1 | C22: =SUM('Dirección de Comercialización'!F2:F2) -> 6600 | D22: =COUNTIF('Dirección de Comercialización'!D:D,"Pendiente") -> 1 | E22: =COUNTIF('Dirección de Comercialización'!D:D,"En progreso") -> 0 | F22: =COUNTIF('Dirección de Comercialización'!D:D,"Contratado") -> 0 | G22: =IF(B22>0,F22/B22,0) -> 0
A23: Dir. Comunicación | B23: =COUNTA('Dirección de Comunicación'!A2:A4) -> 3 | C23: =SUM('Dirección de Comunicación'!F2:F4) -> 201500 | D23: =COUNTIF('Dirección de Comunicación'!D:D,"Pendiente") -> 2 | E23: =COUNTIF('Dirección de Comunicación'!D:D,"En progreso") -> 0 | F23: =COUNTIF('Dirección de Comunicación'!D:D,"Contratado") -> 1 | G23: =IF(B23>0,F23/B23,0) -> 0.33333333
A24: Dir. Desarrollo Producto | B24: =COUNTA('Dirección de Desarrollo de Prod'!A2:A3) -> 2 | C24: =SUM('Dirección de Desarrollo de Prod'!F2:F3) -> 331612.46 | D24: =COUNTIF('Dirección de Desarrollo de Prod'!D:D,"Pendiente") -> 0 | E24: =COUNTIF('Dirección de Desarrollo de Prod'!D:D,"En progreso") -> 1 | F24: =COUNTIF('Dirección de Desarrollo de Prod'!D:D,"Contratado") -> 1 | G24: =IF(B24>0,F24/B24,0) -> 0.5 | I24: ⚠️ TOP 5 PROCESOS CON MAYOR RETRASO
A25: Dir. Promoción Destino | B25: =COUNTA('Dirección de Promoción de Desti'!A2:A4) -> 3 | C25: =SUM('Dirección de Promoción de Desti'!F2:F4) -> 1974792 | D25: =COUNTIF('Dirección de Promoción de Desti'!D:D,"Pendiente") -> 2 | E25: =COUNTIF('Dirección de Promoción de Desti'!D:D,"En progreso") -> 0 | F25: =COUNTIF('Dirección de Promoción de Desti'!D:D,"Contratado") -> 1 | G25: =IF(B25>0,F25/B25,0) -> 0.33333333 | I25: Proceso | J25: Departamento | K25: Días
A26: Dir. Servicios | B26: =COUNTA('Dirección de Servicios para la '!A2:A7) -> 6 | C26: =SUM('Dirección de Servicios para la '!F2:F7) -> 185195.75 | D26: =COUNTIF('Dirección de Servicios para la '!D:D,"Pendiente") -> 3 | E26: =COUNTIF('Dirección de Servicios para la '!D:D,"En progreso") -> 3 | F26: =COUNTIF('Dirección de Servicios para la '!D:D,"Contratado") -> 0 | G26: =IF(B26>0,F26/B26,0) -> 0 | I26: Mantenimiento preventivo solución respaldos | J26: DPEI - TICS | K26: 70
A27: Dir. Turismo Negocios | B27: =COUNTA('Dirección de Turismo de Negocio'!A2:A5) -> 4 | C27: =SUM('Dirección de Turismo de Negocio'!F2:F5) -> 781770 | D27: =COUNTIF('Dirección de Turismo de Negocio'!D:D,"Pendiente") -> 2 | E27: =COUNTIF('Dirección de Turismo de Negocio'!D:D,"En progreso") -> 0 | F27: =COUNTIF('Dirección de Turismo de Negocio'!D:D,"Contratado") -> 2 | G27: =IF(B27>0,F27/B27,0) -> 0.5 | I27: Adquisición de Material POP | J27: Dir. Turismo Neg. | K27: 60
A28: DPEI - Estadística | B28: =COUNTA('DPEI - Estadística'!A2:A2) -> 1 | C28: =SUM('DPEI - Estadística'!F2:F2) -> 39246.51 | D28: =COUNTIF('DPEI - Estadística'!D:D,"Pendiente") -> 0 | E28: =COUNTIF('DPEI - Estadística'!D:D,"En progreso") -> 1 | F28: =COUNTIF('DPEI - Estadística'!D:D,"Contratado") -> 0 | G28: =IF(B28>0,F28/B28,0) -> 0 | I28: Renovación de hosting | J28: DPEI - TICS | K28: 60
A29: DPEI - Jef. TICS | B29: =COUNTA('DPEI - Jefatura de TICS'!A2:A24) -> 23 | C29: =SUM('DPEI - Jefatura de TICS'!F2:F24) -> 282559.93 | D29: =COUNTIF('DPEI - Jefatura de TICS'!D:D,"Pendiente") -> 6 | E29: =COUNTIF('DPEI - Jefatura de TICS'!D:D,"En progreso") -> 17 | F29: =COUNTIF('DPEI - Jefatura de TICS'!D:D,"Contratado") -> 0 | G29: =IF(B29>0,F29/B29,0) -> 0 | I29: Consultoría verificación recaudación | J29: DAF - Financiera | K29: 57
A30: TOTAL | B30: =SUM(B19:B29) -> 58 | C30: =SUM(C19:C29) -> 3980077.6 | D30: =SUM(D19:D29) -> 26 | E30: =SUM(E19:E29) -> 24 | F30: =SUM(F19:F29) -> 8 | G30: =IF(B30>0,F30/B30,0) -> 0.13793103 | I30: Adquisición de UPS | J30: DPEI - TICS | K30: 50
A64: 📝 NOTAS IMPORTANTES
A65: • Los datos se actualizan dinámicamente desde cada hoja de departamento
A66: • Los procesos con más de 30 días de retraso requieren atención inmediata
A67: • El porcentaje de avance se calcula como: Procesos Contratados / Total de Procesos
A68: • PAC = Plan Anual de Contrataciones | NO PAC = Procesos fuera del plan

Sheet DAF - Jefatura Administrativa
A1: Nombre del Proceso | B1: PAC/No PAC | C1: Cuatrimestre | D1: Estado | E1: Días Tarde | F1: Monto
A2: Adquisición de suministros de impresión (toners) para la EPMGDT | B2: PAC | C2: 2 | D2: Pendiente | E2: 25 | F2: 18812
A3: Adquisición suministros de oficina para la EPMGDT | B3: PAC | C3: 3 | D3: En progreso | F3: 10000
A4: Contratación de póliza de seguro para los bienes muebles e inmuebles pertenecientes a la Empresa Pública Metropolitana de Gestión de Destino Turístico | B4: PAC | C4: 1 | D4: Pendiente | E4: 42 | F4: 39850
A5: Contratación del servicio de agencias de viajes para la provisión de pasajes a�?reos nacionales e internacionales para los servidores de la EPMGDT | B5: No PAC | C5: 1 | D5: Contratado | F5: 9500
A6: Contratación del servicio de agencias de viajes para la provisión de pasajes a�?reos nacionales e internacionales para los servidores de la EPMGDT | B6: No PAC | C6: 1 | D6: Contratado | F6: 500
A7: Contratación del servicio de fumigación y desratización de las instalaciones de la EPMGDT y sus dependencias | B7: NO PAC | C7: 1 | D7: Contratado | F7: 1600
A8: Contratación del servicio de mantenimiento preventivo y correctivo de cámaras de seguridad de la EPMGDT y sus dependencias | B8: NO PAC | C8: 1 | D8: Pendiente | E8: 29 | F8: 1000
A9: Contratación del servicio de mantenimiento preventivo y correctivo para el parque automotor de la EPMGDT | B9: PAC | C9: 1 | D9: Pendiente | E9: 49 | F9: 10000
A10: Mantenimiento de edificios de la EPMGDT (fase 2) | B10: PAC | C10: 2 | D10: Pendiente | E10: 29 | F10: 0
A11: Material de construcción | B11: NO PAC | C11: 2 | D11: Pendiente | E11: 27 | F11: 1000
A12: Servicio de rastreo satelital para los vehículos y motocicleta de la EPMGDT | B12: NO PAC | C12: 1 | D12: Pendiente | E12: 29 | F12: 283
A13: Servicio de seguridad y vigilancia para las instalaciones de Quito Turismo y sus Dependencias 2026 - 2027 | B13: PAC | C13: 2 | D13: Pendiente | E13: 29 | F13: 76980
A16: 📊 RESUMEN DE INDICADORES
A18: TOTAL | B18: MONTO | C18: CON RETRASO | D18: Tipo | E18: Cantidad | F18: Monto
A19: =COUNTA(A2:A13) -> 12 | B19: =SUM(F2:F13) -> 169525 | C19: =COUNTIF(D2:D13,"Pendiente") -> 8 | D19: PAC | E19: =COUNTIF(B2:B13,"PAC") -> 6 | F19: =SUMIF(B2:B13,"PAC",F2:F13) -> 155642
D20: NO PAC | E20: =COUNTIFS(B2:B13,"<>PAC",B2:B13,"<>") -> 6 | F20: =SUMIF(B2:B13,"NO PAC",F2:F13) -> 13883
A22: Estado | B22: Cantidad
A23: Con Retraso | B23: =C19 -> 8
A24: En Progreso | B24: =D19 -> PAC
A25: Contratado | B25: =E19 -> 6

Sheet DAF - Jefatura de Talento Human
A1: Nombre del Proceso | B1: PAC/No PAC | C1: Cuatrimestre | D1: Estado | E1: Días Tarde | F1: Monto
A2: Adquisición de ropa de trabajo para el personal de Código de Trabajo de la EPMGDT | B2: PAC | C2: 3 | D2: En progreso | F2: 676
A5: 📊 RESUMEN DE INDICADORES
A7: TOTAL | B7: MONTO | C7: CON RETRASO | D7: Tipo | E7: Cantidad | F7: Monto
A8: =COUNTA(A2:A2) -> 1 | B8: =SUM(F2:F2) -> 676 | C8: =COUNTIF(D2:D2,"Pendiente") -> 0 | D8: PAC | E8: =COUNTIF(B2:B3,"PAC") -> 1 | F8: =SUMIF(B2:B3,"PAC",F2:F3) -> 676
D9: NO PAC | E9: =COUNTIFS(B2:B3,"<>PAC",B2:B3,"<>") -> 0 | F9: =SUMIF(B2:B3,"NO PAC",F2:F3) -> 0
F10: =SUM(F8:F9) -> 676
A11: Estado | B11: Cantidad
A12: Con Retraso | B12: =C8 -> 0
A13: En Progreso | B13: =D8 -> PAC
A14: Contratado | B14: =E8 -> 1

Sheet DAF - Jefatura Financiera
A1: Nombre del Proceso | B1: PAC/No PAC | C1: Cuatrimestre | D1: Estado | E1: Días Tarde | F1: Monto
A2: Consultoría contratación directa servicio de auditoría externa para los estados financieros del periodo cerrado al 31 de diciembre de 2025 | B2: NO PAC | C2: 2 | D2: Pendiente | E2: 26 | F2: 6600
A3: Consultoría para la verificación de recaudación de Tasa de Facilidades y Servicios Turísticos 2025. | B3: PAC | C3: 1 | D3: Pendiente | E3: 57 | F3: 0
A6: 📊 RESUMEN DE INDICADORES
A8: TOTAL | B8: MONTO | C8: CON RETRASO | D8: Tipo | E8: Cantidad | F8: Monto
A9: =COUNTA(A2:A3) -> 2 | B9: =SUM(F2:F3) -> 6600 | C9: =COUNTIF(D2:D3,"Pendiente") -> 2 | D9: PAC | E9: =COUNTIF(B2:B4,"PAC") -> 1 | F9: =SUMIF(B2:B4,"PAC",F2:F4) -> 0
D10: NO PAC | E10: =COUNTIFS(B2:B4,"<>PAC",B2:B4,"<>") -> 1 | F10: =SUMIF(B2:B4,"NO PAC",F2:F4) -> 6600
A12: Estado | B12: Cantidad
A13: Con Retraso | B13: =C9 -> 2
A14: En Progreso | B14: =D9 -> PAC
A15: Contratado | B15: =E9 -> 1

Sheet Dirección de Comercialización
A1: Nombre del Proceso | B1: PAC/No PAC | C1: Cuatrimestre | D1: Estado | E1: Días Tarde | F1: Monto
A2: Servicio de Auditoría CCMQ | B2: NO PAC | C2: 1 | D2: Pendiente | E2: 21 | F2: 6600
A5: 📊 RESUMEN DE INDICADORES
A7: TOTAL | B7: MONTO | C7: CON RETRASO | D7: Tipo | E7: Cantidad | F7: Monto
A8: =COUNTA(A2:A2) -> 1 | B8: =SUM(F2:F2) -> 6600 | C8: =COUNTIF(D2:D2,"Pendiente") -> 1 | D8: PAC | E8: =COUNTIF(B2:B3,"PAC") -> 0 | F8: =SUMIF(B2:B3,"PAC",F2:F3) -> 0
D9: NO PAC | E9: =COUNTIFS(B2:B3,"<>PAC",B2:B3,"<>") -> 1 | F9: =SUMIF(B2:B3,"NO PAC",F2:F3) -> 6600
A11: Estado | B11: Cantidad
A12: Con Retraso | B12: =C8 -> 1
A13: En Progreso | B13: =D8 -> PAC
A14: Contratado | B14: =E8 -> 0

Sheet Dirección de Comunicación
A1: Nombre del Proceso | B1: PAC/No PAC | C1: Cuatrimestre | D1: Estado | E1: Días Tarde | F1: Monto
A2: Gestiónar la contratación para el mantenimiento de equipos para producción audiovisual | B2: NO PAC | C2: 2 | D2: Pendiente | E2: 48 | F2: 3000
A3: Servicio de agencia de Publicidad especializada en pauta para difundir las acciones de Quito Turismo a nivel nacional, local e internacional 2026 - 2027 | B3: PAC | C3: 1 | D3: Pendiente | E3: 34 | F3: 195000
A4: Servicio Monitoreo de Medios de Comunicación para Determinar el Impacto de la Información Generada por Quito Servicio de Monitoreo de Información Televisión, Radio, Prensa Turismo 2026 - 2027 | B4: NO PAC | C4: 2 | D4: Contratado | F4: 3500
A7: 📊 RESUMEN DE INDICADORES
A9: TOTAL | B9: MONTO | C9: CON RETRASO | D9: Tipo | E9: Cantidad | F9: Monto
A10: =COUNTA(A2:A4) -> 3 | B10: =SUM(F2:F4) -> 201500 | C10: =COUNTIF(D2:D4,"Pendiente") -> 2 | D10: PAC | E10: =COUNTIF(B2:B5,"PAC") -> 1 | F10: =SUMIF(B2:B5,"PAC",F2:F5) -> 195000
D11: NO PAC | E11: =COUNTIFS(B2:B5,"<>PAC",B2:B5,"<>") -> 2 | F11: =SUMIF(B2:B5,"NO PAC",F2:F5) -> 6500
F12: =SUM(F10:F11) -> 201500
A13: Estado | B13: Cantidad
A14: Con Retraso | B14: =C10 -> 2
A15: En Progreso | B15: =D10 -> PAC
A16: Contratado | B16: =E10 -> 1

Sheet Dirección de Desarrollo de Prod
A1: Nombre del Proceso | B1: PAC/No PAC | C1: Cuatrimestre | D1: Estado | E1: Días Tarde | F1: Monto
A2: Contratación del servicio de operación Turística para los viajes de prensa (press trip), viajes de bloggers (blog trips), familiarización (fam trips), influencers (influencer trip), personalidades, inversionistas, grupos relacionados a la industria de reuniones (turismo de negocios y Atracción de eventos), rutas Turísticas e intercambios de experiencias en el DMQ de los mercados de la industria Turística a nivel local, nacional y mundial para el 2025 y 2026 | B2: PAC | D2: En progreso | F2: 184612.46
A3: Servicio de implementación de facilidades Turísticas en el DMQ | B3: PAC | C3: 1 | D3: Contratado | F3: 147000
A6: 📊 RESUMEN DE INDICADORES
A8: TOTAL | B8: MONTO | C8: CON RETRASO | D8: Tipo | E8: Cantidad | F8: Monto
A9: =COUNTA(A2:A3) -> 2 | B9: =SUM(F2:F3) -> 331612.46 | C9: =COUNTIF(D2:D3,"Pendiente") -> 0 | D9: PAC | E9: =COUNTIF(B2:B4,"PAC") -> 2 | F9: =SUMIF(B2:B4,"PAC",F2:F4) -> 331612.46
D10: NO PAC | E10: =COUNTIFS(B2:B4,"<>PAC",B2:B4,"<>") -> 0 | F10: =SUMIF(B2:B4,"NO PAC",F2:F4) -> 0
A12: Estado | B12: Cantidad
A13: Con Retraso | B13: =C9 -> 0
A14: En Progreso | B14: =D9 -> PAC
A15: Contratado | B15: =E9 -> 2

Sheet Dirección de Promoción de Desti
A1: Nombre del Proceso | B1: PAC/No PAC | C1: Cuatrimestre | D1: Estado | E1: Días Tarde | F1: Monto
A2: CONTRATACIÓN DEL SERVICIO DE ORGANIZACIÓN DE EVENTOS DE Promoción Turística DEL DESTINO QUITO EN EL MERCADO LOCAL Y NACIONAL PARA LA REALIZACIÓN DE EVENTOS TurísticoS Y GASTRONÓMICOS (PDT) | B2: PAC | C2: 1 | D2: Pendiente | E2: 15 | F2: 1357792
A3: SERVICIO DE PAUTA DE CAMPAÑA PromociónAL DEL DESTINO QUITO | B3: PAC | C3: 1 | D3: Pendiente | E3: 5 | F3: 88500
A4: Servicio de relaciones públicas y representación en el exterior para la Promoción del destino Quito para los mercados de Europa y resto del mundo para los años 2026 y 2027 | B4: NO PAC | C4: 1 | D4: Contratado | F4: 528500
A7: 📊 RESUMEN DE INDICADORES
A9: TOTAL | B9: MONTO | C9: CON RETRASO | D9: Tipo | E9: Cantidad | F9: Monto
A10: =COUNTA(A2:A4) -> 3 | B10: =SUM(F2:F4) -> 1974792 | C10: =COUNTIF(D2:D4,"Pendiente") -> 2 | D10: PAC | E10: =COUNTIF(B2:B5,"PAC") -> 2 | F10: =SUMIF(B2:B5,"PAC",F2:F5) -> 1446292
D11: NO PAC | E11: =COUNTIFS(B2:B5,"<>PAC",B2:B5,"<>") -> 1 | F11: =SUMIF(B2:B5,"NO PAC",F2:F5) -> 528500
E12: =SUM(E10:E11) -> 3 | F12: =SUM(F10:F11) -> 1974792
A13: Estado | B13: Cantidad
A14: Con Retraso | B14: =C10 -> 2
A15: En Progreso | B15: =D10 -> PAC
A16: Contratado | B16: =E10 -> 2

Sheet Dirección de Servicios para la 
A1: Nombre del Proceso | B1: PAC/No PAC | C1: Cuatrimestre | D1: Estado | E1: Días Tarde | F1: Monto
A2: Servicio de Asesoría y asistencia t�?cnica, para la obtención de la certificaciones internacionales en la Gestión de turismo sostenible y calidad del destino | B2: PAC | C2: 1 | D2: Pendiente | E2: 21 | F2: 85000
A3: Servicio de capacitación Turística para el sector Turístico del Distrito Metropolitano de Quito 2026-2027 | B3: PAC | C3: 2 | D3: Pendiente | E3: 19 | F3: 87195.75
A4: ServIcio de contratación de talleres y materiales para el proceso de certificación en Competencia Laborales | B4: NO PAC | C4: 2 | D4: En progreso | F4: 9000
A5: Servicio de impresión de blocks de formularios aplicados para actividades administrativas desarrolladas por la EPMGDT–Quito Turismo | B5: NO PAC | C5: 2 | D5: En progreso | F5: 4000
A6: Servicio de transporte para verificadores | B6: PAC | C6: 2 | D6: Pendiente | E6: 26 | F6: 0
A7: SERVICIOS DE CONSULTORÍA PARA IMPLEMENTACIÓN DE LA NORMA ISO 37001:2016 SISTEMAS DE Gestión ANTISOBORNO | B7: PAC | C7: 2 | D7: En progreso | F7: 0
A10: 📊 RESUMEN DE INDICADORES
A12: TOTAL | B12: MONTO | C12: CON RETRASO | D12: Tipo | E12: Cantidad | F12: Monto
A13: =COUNTA(A2:A7) -> 6 | B13: =SUM(F2:F7) -> 185195.75 | C13: =COUNTIF(D2:D7,"Pendiente") -> 3 | D13: PAC | E13: =COUNTIF(B2:B8,"PAC") -> 4 | F13: =SUMIF(B2:B8,"PAC",F2:F8) -> 172195.75
D14: NO PAC | E14: =COUNTIFS(B2:B8,"<>PAC",B2:B8,"<>") -> 2 | F14: =SUMIF(B2:B8,"NO PAC",F2:F8) -> 13000
F15: =SUM(F13:F14) -> 185195.75
A16: Estado | B16: Cantidad
A17: Con Retraso | B17: =C13 -> 3
A18: En Progreso | B18: =D13 -> PAC
A19: Contratado | B19: =E13 -> 4

Sheet Dirección de Turismo de Negocio
A1: Nombre del Proceso | B1: PAC/No PAC | C1: Cuatrimestre | D1: Estado | E1: Días Tarde | F1: Monto
A2: Adquisición de Material POP | B2: PAC | C2: 1 | D2: Pendiente | E2: 60 | F2: 27795
A3: Promoción y Posicionamiento Turístico del destino Quito en el marco de la producción del concierto de Ed Sheeran | B3: PAC | C3: 1 | D3: Pendiente | E3: 35 | F3: 40000
A4: Servicio de Organización y producción de 1 evento internacional captado para 2026 PCMA | B4: PAC | C4: 1 | D4: Contratado | F4: 150000
A5: Servicio de relaciones públicas y representación en el exterior para la Promoción del destino Quito para los mercados de Am�?rica para los años 2026 y 2027 | B5: NO PAC | C5: 1 | D5: Contratado | F5: 563975
A8: 📊 RESUMEN DE INDICADORES
A10: TOTAL | B10: MONTO | C10: CON RETRASO | D10: Tipo | E10: Cantidad | F10: Monto
A11: =COUNTA(A2:A5) -> 4 | B11: =SUM(F2:F5) -> 781770 | C11: =COUNTIF(D2:D5,"Pendiente") -> 2 | D11: PAC | E11: =COUNTIF(B2:B6,"PAC") -> 3 | F11: =SUMIF(B2:B6,"PAC",F2:F6) -> 217795
D12: NO PAC | E12: =COUNTIF(B2:B6,"NO PAC") -> 1 | F12: =SUMIF(B2:B6,"NO PAC",F2:F6) -> 563975
E13: TOTAL: | F13: =SUM(F11:F12) -> 781770
A14: Estado | B14: Cantidad
A15: Con Retraso | B15: =C11 -> 2
A16: En Progreso | B16: =D11 -> PAC
A17: Contratado | B17: =E11 -> 3

Sheet DPEI - Estadística
A1: Nombre del Proceso | B1: PAC/No PAC | C1: Cuatrimestre | D1: Estado | E1: Días Tarde | F1: Monto
A2: Suscripción al servicio de provisión de datos en línea para la Gestión de servicios de inteligencia Turística | B2: PAC | C2: 2 | D2: En progreso | F2: 39246.51
A5: 📊 RESUMEN DE INDICADORES
A7: TOTAL | B7: MONTO | C7: CON RETRASO | D7: Tipo | E7: Cantidad | F7: Monto
A8: =COUNTA(A2:A2) -> 1 | B8: =SUM(F2:F2) -> 39246.51 | C8: =COUNTIF(D2:D2,"Pendiente") -> 0 | D8: PAC | E8: =COUNTIF(B2:B3,"PAC") -> 1 | F8: =SUMIF(B2:B3,"PAC",F2:F3) -> 39246.51
D9: NO PAC | E9: =COUNTIFS(B2:B3,"<>PAC",B2:B3,"<>") -> 0 | F9: =SUMIF(B2:B3,"NO PAC",F2:F3) -> 0
A11: Estado | B11: Cantidad
A12: Con Retraso | B12: =C8 -> 0
A13: En Progreso | B13: =D8 -> PAC
A14: Contratado | B14: =E8 -> 1

Sheet DPEI - Jefatura de TICS
A1: Nombre del Proceso | B1: PAC/No PAC | C1: Cuatrimestre | D1: Estado | E1: Días Tarde | F1: Monto
A2: Adquisición de infraestructura tecnológica y suscripción de herramientas de respaldos y virtualización | B2: PAC | C2: 3 | D2: En progreso | F2: 42000
A3: Adquisición de UPS | B3: PAC | C3: 1 | D3: Pendiente | E3: 50 | F3: 0
A4: Mantenimiento de scanner de alto rendimiento | B4: PAC | C4: 2 | D4: En progreso | F4: 2000
A5: Mantenimiento de tablets con vigencia tecnológica | B5: NO PAC | C5: 2 | D5: En progreso | F5: 1000
A6: Mantenimiento del ERP Olympo y soporte especializado | B6: PAC | C6: 2 | D6: En progreso | F6: 60000
A7: Mantenimiento preventivo de equipos de la solución de networking | B7: NO PAC | C7: 3 | D7: En progreso | F7: 3500
A8: Mantenimiento preventivo de la solución de respaldos | B8: NO PAC | C8: 1 | D8: Pendiente | E8: 70 | F8: 2000
A9: Renovación de hosting | B9: NO PAC | C9: 1 | D9: Pendiente | E9: 60 | F9: 6600
A10: Renovación de la suscripción de las licencias de diseño asistido por computadoras (cad) diseño gráfico modelado en 3D | B10: NO PAC | C10: 2 | D10: En progreso | F10: 7000
A11: Renovación de la suscripción de las licencias de edición de video y diseño gráfico | B11: NO PAC | C11: 3 | D11: En progreso | F11: 7200
A12: Renovación de la suscripción de licencia de la herramienta de envió masivo de correos electrónico | B12: NO PAC | C12: 2 | D12: Pendiente | E12: 25 | F12: 8000
A13: Renovación de licencia de uso del programa geográfica GIS | B13: NO PAC | C13: 2 | D13: En progreso | F13: 7000
A14: Renovar y actualizar licencias antivirus | B14: NO PAC | C14: 3 | D14: En progreso | F14: 7000
A15: Servicio de datos móviles 2026-2027 | B15: NO PAC | C15: 2 | D15: Pendiente | E15: 25 | F15: 1400
A16: Servicio de Internet y Enlace de Datos 2026-2027 | B16: PAC | C16: 2 | D16: Pendiente | E16: 7 | F16: 12500
A17: Servicio de mantenimiento preventivo de computadores con vigencia tecnológica Asus | B17: NO PAC | C17: 3 | D17: En progreso | F17: 1000
A18: Servicio de mantenimiento preventivo de computadores con vigencia tecnológica HP | B18: NO PAC | C18: 3 | D18: En progreso | F18: 2000
A19: Servicio de mantenimiento preventivo de computadores con vigencia tecnológica MAC | B19: NO PAC | C19: 3 | D19: En progreso | F19: 1000
A20: Servicio de mantenimiento preventivo de computadores con vigencia tecnológica SpeedMind | B20: NO PAC | C20: 3 | D20: En progreso | F20: 1100
A21: Servicio de mantenimiento preventivo y correctivo de equipos informáticos y tecnológicos (computadores, escaners, proyectores impresoras, y otros) | B21: NO PAC | C21: 3 | D21: En progreso | F21: 10000
A22: Suscripción de herramientas de IA para desarrollo de software y Gestión del código fuente | B22: NO PAC | C22: 2 | D22: En progreso | F22: 9259.93
A23: Suscripción de herramientas de ofimática colaborativas con correo electrónico, inteligencia de negocios y servicios Cloud | B23: PAC | C23: 2 | D23: En progreso | F23: 65000
A24: Suscripción de herramientas de seguridad informática para el aseguramiento de los activos de Información | B24: PAC | C24: 3 | D24: En progreso | F24: 26000
A27: 📊 RESUMEN DE INDICADORES
F29: MONTO
D30: PAC | E30: 7 | F30: =SUMIF(B2:B24,"PAC",F2:F24) -> 207500
D31: NO PAC | E31: 16 | F31: =SUMIF(B2:B24,"NO PAC",F2:F24) -> 75059.93
E32: =SUBTOTAL(9,E30:E31) -> 23 | F32: =SUBTOTAL(9,F30:F31) -> 282559.93
A33: Estado | B33: Cantidad
A34: Con Retraso | B34: =COUNTIF(D2:D24,"Pendiente") -> 6
A35: En Progreso | B35: =COUNTIF(D2:D24,"En progreso") -> 17
A36: Contratado | B36: =COUNTIF(D2:D24,"Contratado") -> 0
A38: 📋 DISTRIBUCIÓN PAC/NO PAC
A40: Tipo | B40: Cantidad | C40: Monto
A41: PAC | B41: =COUNTIF(B2:B24,"PAC") -> 7 | C41: =SUMIF(B2:B24,"PAC",F2:F24) -> 207500
A42: NO PAC | B42: =COUNTIF(B2:B24,"NO PAC") -> 16 | C42: =SUMIF(B2:B24,"NO PAC",F2:F24) -> 75059.93
